S. No,user_id,offer_id,status,started_at,completed_at,expires_at,,,,,
0,44f9c9f1-1ce1-4b04-8042-ddb1c548c589,792,ONGOING,2022-11-26 07:25:38.995614+00:00,,2022-11-27 18:29:59+00:00,,,,,
1,e5c792a3-9cd9-4d10-a7b5-e5ee0f0f5fad,3462,ONGOING,2022-11-26 01:19:42.059483+00:00,,2022-11-28 01:19:42.066140+00:00,,,,,
2,033c38d4-fd46-45a2-b09a-18d637c54129,3462,ONGOING,2022-11-26 14:12:39.365453+00:00,,2022-11-28 14:12:39.369689+00:00,,,,,
3,8a488246-83d3-4028-b216-85ee8c3e504d,2328,ONGOING,2022-11-26 02:51:44.438026+00:00,,2022-11-28 02:51:44.441869+00:00,,,,,
4,aff26172-41d6-4e69-9b02-48011fe35804,3467,ONGOING,2022-11-26 11:44:25.915581+00:00,,2022-11-28 11:44:25.921249+00:00,,,,,
5,53134b4c-9bbf-4296-bea4-62587663f030,3015,ONGOING,2022-11-26 10:02:03.861407+00:00,,2022-11-28 10:02:03.867601+00:00,,,,,
6,e1b85271-8f91-4d7a-90d6-42d97a2a30c5,3507,ONGOING,2022-11-26 13:48:09.848605+00:00,,2022-11-28 13:48:09.853440+00:00,,,,,
7,c303ce63-ce0c-4ca6-a59f-a834e10ea59a,3534,ONGOING,2022-11-26 13:32:02.362629+00:00,,2022-11-28 13:32:02.371708+00:00,,,,,
8,44f9c9f1-1ce1-4b04-8042-ddb1c548c589,3507,ONGOING,2022-11-26 12:50:26.617867+00:00,,2022-11-28 12:50:26.624296+00:00,,,,,
9,c303ce63-ce0c-4ca6-a59f-a834e10ea59a,3469,ONGOING,2022-11-26 13:34:09.907098+00:00,,2022-11-28 13:34:09.911286+00:00,,,,,
10,c303ce63-ce0c-4ca6-a59f-a834e10ea59a,3340,ONGOING,2022-11-26 04:56:03.408583+00:00,,2022-11-28 04:56:03.421637+00:00,,,,,
11,033c38d4-fd46-45a2-b09a-18d637c54129,3340,ONGOING,2022-11-26 02:57:18.734880+00:00,,2022-11-28 02:57:18.743897+00:00,,,,,
12,7cdb9d2c-9644-42d0-8d44-50fa57747523,3340,ONGOING,2022-11-26 00:03:03.462440+00:00,,2022-11-28 00:03:03.468143+00:00,,,,,
13,e2dfd115-a8b0-4e3e-96e5-9b11e5f316f1,3340,ONGOING,2022-11-26 00:04:13.885525+00:00,,2022-11-28 00:04:13.890627+00:00,,,,,
14,53134b4c-9bbf-4296-bea4-62587663f030,3321,ONGOING,2022-11-26 02:08:04.552549+00:00,,2022-11-28 02:08:04.558522+00:00,,,,,
15,a6d5ed73-5c1c-4666-a592-f93ab4489cf5,3340,ONGOING,2022-11-26 00:05:38.867282+00:00,,2022-11-28 00:05:38.872164+00:00,,,,,
16,44f9c9f1-1ce1-4b04-8042-ddb1c548c589,3513,ONGOING,2022-11-26 02:08:10.807672+00:00,,2022-11-28 02:08:10.813211+00:00,,,,,
17,c925ccad-98e7-4500-833e-a49aa066aeec,3534,ONGOING,2022-11-26 00:05:44.859932+00:00,,2022-11-28 00:05:44.865124+00:00,,,,,
18,1e4f284c-afcd-4342-b3ac-c5dd689c4258,3467,ONGOING,2022-11-26 04:58:22.454852+00:00,,2022-11-28 04:58:22.464410+00:00,,,,,
19,f55000a3-dd68-44d8-b461-41c85d963ce2,3173,ONGOING,2022-11-26 00:06:18.862567+00:00,,2022-11-28 00:06:18.868052+00:00,,,,,
20,f55000a3-dd68-44d8-b461-41c85d963ce2,3399,ONGOING,2022-11-26 04:58:41.598393+00:00,,2022-11-28 04:58:41.604538+00:00,,,,,
21,c3e07fd8-ed1c-4e95-a4b7-e8b8f523fdad,3467,ONGOING,2022-11-26 00:09:25.241484+00:00,,2022-11-28 00:09:25.246824+00:00,,,,,
22,f55000a3-dd68-44d8-b461-41c85d963ce2,792,ONGOING,2022-11-26 05:00:08.055834+00:00,,2022-11-28 05:00:08.059865+00:00,,,,,
23,ddc13f03-f1a9-4feb-a821-a7b56fb66d64,3467,ONGOING,2022-11-26 00:10:05.744473+00:00,,2022-11-28 00:10:05.749011+00:00,,,,,
24,c51167f6-ff5c-49a8-ae3a-ba5d0c2cccaf,3467,ONGOING,2022-11-26 06:47:36.194668+00:00,,2022-11-28 06:47:36.199645+00:00,,,,,
25,44f9c9f1-1ce1-4b04-8042-ddb1c548c589,3340,ONGOING,2022-11-26 00:10:49.922588+00:00,,2022-11-28 00:10:49.928315+00:00,,,,,
26,9a18c27d-9692-40d7-a094-c6d453da2397,3512,ONGOING,2022-11-26 00:11:33.070285+00:00,,2022-11-28 00:11:33.074898+00:00,,,,,
27,a6d5ed73-5c1c-4666-a592-f93ab4489cf5,3467,ONGOING,2022-11-26 00:13:46.722361+00:00,,2022-11-28 00:13:46.726279+00:00,,,,,
28,4cb29e43-9f23-42fe-bab8-2422f42e7a91,3340,ONGOING,2022-11-26 00:13:53.620425+00:00,,2022-11-28 00:13:53.625780+00:00,,,,,
29,1f0ec030-c73b-4f7b-947c-16bcd69eeb9b,3340,ONGOING,2022-11-26 00:13:56.441341+00:00,,2022-11-28 00:13:56.446842+00:00,,,,,
30,738049d5-018a-41e7-b2a1-8604fe07cad2,3173,COMPLETED,2022-11-26 00:15:39.744230+00:00,2022-11-26 00:39:11.100117+00:00,,,,,,
31,53134b4c-9bbf-4296-bea4-62587663f030,2945,ONGOING,2022-11-26 02:10:39.163594+00:00,,2022-11-28 02:10:39.172904+00:00,,,,,
32,f55000a3-dd68-44d8-b461-41c85d963ce2,3227,ONGOING,2022-11-26 05:01:37.440478+00:00,,2022-11-28 05:01:37.446643+00:00,,,,,
33,cdd52dda-5714-4e06-b18b-def7db8d88c6,3340,ONGOING,2022-11-26 00:16:01.305538+00:00,,2022-11-28 00:16:01.310863+00:00,,,,,
34,4960fecc-a53a-4d08-99e6-5ef807d9f270,2415,COMPLETED,2022-11-26 00:16:28.007987+00:00,2022-11-26 00:20:41.045066+00:00,,,,,,
35,57e1afc6-a597-4cab-9ddb-72a35c913358,3507,ONGOING,2022-11-26 00:17:55.435882+00:00,,2022-11-28 00:17:55.441801+00:00,,,,,
36,7cee313f-9b88-4deb-a05a-4d364634b4ce,3467,ONGOING,2022-11-26 00:16:39.353499+00:00,,2022-11-28 00:16:39.358153+00:00,,,,,
37,57e1afc6-a597-4cab-9ddb-72a35c913358,3480,ONGOING,2022-11-26 00:18:45.955060+00:00,,2022-11-28 00:18:45.959200+00:00,,,,,
38,738049d5-018a-41e7-b2a1-8604fe07cad2,3340,ONGOING,2022-11-26 00:19:26.953516+00:00,,2022-11-28 00:19:26.956897+00:00,,,,,
39,b0afbb84-753c-4e3b-a461-254c04a0062e,3173,ONGOING,2022-11-26 00:19:35.987709+00:00,,2022-11-28 00:19:35.993542+00:00,,,,,
40,c925ccad-98e7-4500-833e-a49aa066aeec,3505,ONGOING,2022-11-26 00:19:47.467175+00:00,,2022-11-28 00:19:47.470456+00:00,,,,,
41,4960fecc-a53a-4d08-99e6-5ef807d9f270,3469,ONGOING,2022-11-26 00:20:03.371654+00:00,,2022-11-28 00:20:03.375553+00:00,,,,,
42,53134b4c-9bbf-4296-bea4-62587663f030,3173,ONGOING,2022-11-26 05:02:36.023014+00:00,,2022-11-28 05:02:36.027180+00:00,,,,,
43,c925ccad-98e7-4500-833e-a49aa066aeec,3237,ONGOING,2022-11-26 00:20:42.687283+00:00,,2022-11-28 00:20:42.692107+00:00,,,,,
44,f55000a3-dd68-44d8-b461-41c85d963ce2,2945,COMPLETED,2022-11-26 05:03:11.143774+00:00,2022-11-26 05:04:40.907464+00:00,,,,,,
45,4960fecc-a53a-4d08-99e6-5ef807d9f270,3477,ONGOING,2022-11-26 00:20:59.242213+00:00,,2022-11-28 00:20:59.246755+00:00,,,,,
46,3db62aad-421b-474e-9b1e-8a88ff370d4f,3269,ONGOING,2022-11-26 04:15:33.778713+00:00,,2022-11-28 04:15:33.872630+00:00,,,,,
47,53134b4c-9bbf-4296-bea4-62587663f030,3503,COMPLETED,2022-11-26 02:11:44.301954+00:00,2022-11-26 02:12:45.783440+00:00,,,,,,
48,c925ccad-98e7-4500-833e-a49aa066aeec,3451,ONGOING,2022-11-26 00:21:33.127670+00:00,,2022-11-28 00:21:33.133124+00:00,,,,,
49,57e1afc6-a597-4cab-9ddb-72a35c913358,3015,ONGOING,2022-11-26 00:21:19.510203+00:00,,2022-11-28 00:21:19.514316+00:00,,,,,
50,d601aaf2-2bfd-4e2d-9689-6828212bfe85,3173,ONGOING,2022-11-26 00:21:57.046435+00:00,,2022-11-28 00:21:57.051704+00:00,,,,,
51,e066a509-b551-43bf-87a3-7416ecb7ce73,3227,ONGOING,2022-11-26 00:22:20.519289+00:00,,2022-11-28 00:22:20.524630+00:00,,,,,
52,24d52554-971f-49a6-8d83-4e270eb44818,3340,ONGOING,2022-11-26 00:22:42.194525+00:00,,2022-11-28 00:22:42.199562+00:00,,,,,
53,57e1afc6-a597-4cab-9ddb-72a35c913358,210,ONGOING,2022-11-26 00:22:28.152239+00:00,,2022-11-28 00:22:28.156665+00:00,,,,,
54,44f9c9f1-1ce1-4b04-8042-ddb1c548c589,3515,ONGOING,2022-11-26 00:22:41.478660+00:00,,2022-11-28 00:22:41.483780+00:00,,,,,
55,24d52554-971f-49a6-8d83-4e270eb44818,3534,ONGOING,2022-11-26 00:23:09.569370+00:00,,2022-11-28 00:23:09.573249+00:00,,,,,
56,57e1afc6-a597-4cab-9ddb-72a35c913358,3534,ONGOING,2022-11-26 00:23:23.507356+00:00,,2022-11-28 00:23:23.511208+00:00,,,,,
57,6b4c4353-05e7-4bd3-9a3c-de0d1a19c700,3517,COMPLETED,2022-11-26 00:23:30.234472+00:00,2022-11-26 00:29:49.043380+00:00,,,,,,
58,24d52554-971f-49a6-8d83-4e270eb44818,3520,ONGOING,2022-11-26 00:24:50.936509+00:00,,2022-11-28 00:24:50.942610+00:00,,,,,
59,24d52554-971f-49a6-8d83-4e270eb44818,3443,ONGOING,2022-11-26 00:24:23.494548+00:00,,2022-11-28 00:24:23.498483+00:00,,,,,
60,24d52554-971f-49a6-8d83-4e270eb44818,3173,ONGOING,2022-11-26 00:25:22.602633+00:00,,2022-11-28 00:25:22.606993+00:00,,,,,
61,24d52554-971f-49a6-8d83-4e270eb44818,3467,ONGOING,2022-11-26 00:25:37.121045+00:00,,2022-11-28 00:25:37.127820+00:00,,,,,
62,e066a509-b551-43bf-87a3-7416ecb7ce73,3467,COMPLETED,2022-11-26 00:25:37.991357+00:00,2022-11-26 00:44:59.401183+00:00,,,,,,
63,24d52554-971f-49a6-8d83-4e270eb44818,792,ONGOING,2022-11-26 00:25:50.333527+00:00,,2022-11-28 00:25:50.337973+00:00,,,,,
64,53134b4c-9bbf-4296-bea4-62587663f030,792,ONGOING,2022-11-26 04:17:34.507535+00:00,,2022-11-28 04:17:34.511207+00:00,,,,,
65,24d52554-971f-49a6-8d83-4e270eb44818,3015,ONGOING,2022-11-26 00:26:08.607626+00:00,,2022-11-28 00:26:08.611650+00:00,,,,,
66,c925ccad-98e7-4500-833e-a49aa066aeec,792,ONGOING,2022-11-26 00:26:52.872562+00:00,,2022-11-27 18:29:59+00:00,,,,,
67,5baab7e2-f5ad-4f9d-b749-9d8e9bee9d2d,3534,COMPLETED,2022-11-26 00:26:50.646742+00:00,2022-11-26 05:02:39.935430+00:00,,,,,,
68,6b4c4353-05e7-4bd3-9a3c-de0d1a19c700,3520,ONGOING,2022-11-26 00:29:06.788249+00:00,,2022-11-28 00:29:06.792566+00:00,,,,,
69,4960fecc-a53a-4d08-99e6-5ef807d9f270,3529,COMPLETED,2022-11-26 00:24:12.803939+00:00,2022-11-28 01:03:03.722132+00:00,,,,,,
70,4cb29e43-9f23-42fe-bab8-2422f42e7a91,3467,COMPLETED,2022-11-26 00:30:12.294660+00:00,2022-11-26 00:40:46.818802+00:00,,,,,,
71,ebe78f6d-27fc-4d78-8a84-facd421c4e7d,3467,ONGOING,2022-11-26 00:30:17.635456+00:00,,2022-11-28 00:30:17.639428+00:00,,,,,
72,b06fa72c-5614-4770-830c-32938f8c476b,3467,ONGOING,2022-11-26 00:30:24.956802+00:00,,2022-11-28 00:30:24.961885+00:00,,,,,
73,3db62aad-421b-474e-9b1e-8a88ff370d4f,3340,ONGOING,2022-11-26 00:30:17.918753+00:00,,2022-11-28 00:30:17.924226+00:00,,,,,
74,02f19b3c-f65e-42da-a170-a91cafffbc1a,3227,ONGOING,2022-11-26 00:30:40.947947+00:00,,2022-11-28 00:30:40.955465+00:00,,,,,
75,4960fecc-a53a-4d08-99e6-5ef807d9f270,2328,ONGOING,2022-11-26 00:30:56.282989+00:00,,2022-11-28 00:30:56.287897+00:00,,,,,
76,e066a509-b551-43bf-87a3-7416ecb7ce73,3195,ONGOING,2022-11-26 00:31:21.924404+00:00,,2022-11-28 00:31:21.928647+00:00,,,,,
77,5b54a20e-a231-4879-94d8-076f90d73ca7,3467,ONGOING,2022-11-26 00:32:15.634544+00:00,,2022-11-28 00:32:15.639989+00:00,,,,,
78,c303ce63-ce0c-4ca6-a59f-a834e10ea59a,3173,ONGOING,2022-11-26 00:32:15.096775+00:00,,2022-11-28 00:32:15.102822+00:00,,,,,
79,b06fa72c-5614-4770-830c-32938f8c476b,3515,ONGOING,2022-11-26 00:32:16.699492+00:00,,2022-11-28 00:32:16.704120+00:00,,,,,
80,b06fa72c-5614-4770-830c-32938f8c476b,3340,ONGOING,2022-11-26 00:33:28.188163+00:00,,2022-11-28 00:33:28.194398+00:00,,,,,
81,ebe78f6d-27fc-4d78-8a84-facd421c4e7d,3534,ONGOING,2022-11-26 00:33:12.901007+00:00,,2022-11-28 00:33:12.907272+00:00,,,,,
82,50e66bc8-76c3-41df-87cc-fdda8ed58333,3498,ONGOING,2022-11-26 00:33:47.465584+00:00,,2022-11-28 00:33:47.469945+00:00,,,,,
83,047ef59d-4331-48b7-9bfb-f6fa23101a4f,3534,ONGOING,2022-11-26 00:35:35.628341+00:00,,2022-11-28 00:35:35.633175+00:00,,,,,
84,047ef59d-4331-48b7-9bfb-f6fa23101a4f,3467,ONGOING,2022-11-26 00:35:25.808598+00:00,,2022-11-28 00:35:25.812306+00:00,,,,,
85,047ef59d-4331-48b7-9bfb-f6fa23101a4f,3462,ONGOING,2022-11-26 00:35:28.458580+00:00,,2022-11-28 00:35:28.463521+00:00,,,,,
86,047ef59d-4331-48b7-9bfb-f6fa23101a4f,3340,ONGOING,2022-11-26 00:35:22.001097+00:00,,2022-11-28 00:35:22.007573+00:00,,,,,
87,047ef59d-4331-48b7-9bfb-f6fa23101a4f,3510,ONGOING,2022-11-26 00:35:32.051335+00:00,,2022-11-28 00:35:32.056063+00:00,,,,,
88,047ef59d-4331-48b7-9bfb-f6fa23101a4f,792,ONGOING,2022-11-26 00:35:38.712710+00:00,,2022-11-28 00:35:38.717094+00:00,,,,,
89,aea58daf-f2e4-4f26-a32d-ef523795c7ec,3399,ONGOING,2022-11-26 11:07:10.701922+00:00,,2022-11-28 11:07:10.705555+00:00,,,,,
90,047ef59d-4331-48b7-9bfb-f6fa23101a4f,3498,ONGOING,2022-11-26 00:35:41.447484+00:00,,2022-11-28 00:35:41.453323+00:00,,,,,
91,047ef59d-4331-48b7-9bfb-f6fa23101a4f,3515,ONGOING,2022-11-26 00:35:44.960253+00:00,,2022-11-28 00:35:44.964572+00:00,,,,,
92,047ef59d-4331-48b7-9bfb-f6fa23101a4f,3517,ONGOING,2022-11-26 00:35:48.553703+00:00,,2022-11-28 00:35:48.561982+00:00,,,,,
93,9dfb189d-e520-4043-be66-a428e0c56602,3340,ONGOING,2022-11-26 00:35:49.041656+00:00,,2022-11-28 00:35:49.049403+00:00,,,,,
94,047ef59d-4331-48b7-9bfb-f6fa23101a4f,3173,ONGOING,2022-11-26 00:35:55.233712+00:00,,2022-11-28 00:35:55.238050+00:00,,,,,
95,047ef59d-4331-48b7-9bfb-f6fa23101a4f,3015,ONGOING,2022-11-26 00:35:58.699114+00:00,,2022-11-28 00:35:58.707652+00:00,,,,,
96,5b54a20e-a231-4879-94d8-076f90d73ca7,3513,ONGOING,2022-11-26 02:20:33.298742+00:00,,2022-11-28 02:20:33.303185+00:00,,,,,
97,047ef59d-4331-48b7-9bfb-f6fa23101a4f,3183,ONGOING,2022-11-26 00:36:08.231969+00:00,,2022-11-28 00:36:08.241397+00:00,,,,,
98,047ef59d-4331-48b7-9bfb-f6fa23101a4f,2415,ONGOING,2022-11-26 00:36:11.551829+00:00,,2022-11-28 00:36:11.558240+00:00,,,,,
99,047ef59d-4331-48b7-9bfb-f6fa23101a4f,3477,ONGOING,2022-11-26 00:36:33.931036+00:00,,2022-11-28 00:36:33.935262+00:00,,,,,
100,047ef59d-4331-48b7-9bfb-f6fa23101a4f,3503,COMPLETED,2022-11-26 00:36:37.734056+00:00,2022-11-26 01:01:24.529305+00:00,,,,,,
101,047ef59d-4331-48b7-9bfb-f6fa23101a4f,3507,ONGOING,2022-11-26 00:36:17.940568+00:00,,2022-11-28 00:36:17.944849+00:00,,,,,
102,047ef59d-4331-48b7-9bfb-f6fa23101a4f,1024,ONGOING,2022-11-26 00:36:14.771308+00:00,,2022-11-28 00:36:14.776233+00:00,,,,,
103,44f9c9f1-1ce1-4b04-8042-ddb1c548c589,3173,ONGOING,2022-11-26 00:36:24.077758+00:00,,2022-11-28 00:36:24.081898+00:00,,,,,
104,047ef59d-4331-48b7-9bfb-f6fa23101a4f,3237,ONGOING,2022-11-26 00:36:26.563311+00:00,,2022-11-28 00:36:26.568447+00:00,,,,,
105,047ef59d-4331-48b7-9bfb-f6fa23101a4f,3529,ONGOING,2022-11-26 00:36:29.793612+00:00,,2022-11-28 00:36:29.797959+00:00,,,,,
106,047ef59d-4331-48b7-9bfb-f6fa23101a4f,3321,ONGOING,2022-11-26 00:36:22.760079+00:00,,2022-11-28 00:36:22.768709+00:00,,,,,
107,047ef59d-4331-48b7-9bfb-f6fa23101a4f,3520,ONGOING,2022-11-26 00:36:40.301774+00:00,,2022-11-28 00:36:40.306401+00:00,,,,,
108,2ac81b5c-b167-4aaa-876f-b33e32c98630,3227,ONGOING,2022-11-26 00:36:45.802875+00:00,,2022-11-28 00:36:45.806229+00:00,,,,,
109,047ef59d-4331-48b7-9bfb-f6fa23101a4f,3463,ONGOING,2022-11-26 00:36:52.063330+00:00,,2022-11-28 00:36:52.067791+00:00,,,,,
110,39b085c1-1e08-4d4e-ae85-04c40647c989,3237,ONGOING,2022-11-26 00:37:15.625154+00:00,,2022-11-28 00:37:15.630374+00:00,,,,,
111,39b085c1-1e08-4d4e-ae85-04c40647c989,3480,COMPLETED,2022-11-26 00:37:39.900898+00:00,2022-11-26 00:38:26.445672+00:00,,,,,,
112,39b085c1-1e08-4d4e-ae85-04c40647c989,3507,ONGOING,2022-11-26 00:37:21.165261+00:00,,2022-11-28 00:37:21.169205+00:00,,,,,
113,5baab7e2-f5ad-4f9d-b749-9d8e9bee9d2d,3510,ONGOING,2022-11-26 13:51:21.099681+00:00,,2022-11-28 13:51:21.104071+00:00,,,,,
114,35e5d136-60f4-4f3e-a2da-634933ae139f,3340,ONGOING,2022-11-26 00:38:39.970835+00:00,,2022-11-28 00:38:39.976348+00:00,,,,,
115,b0afbb84-753c-4e3b-a461-254c04a0062e,3512,ONGOING,2022-11-26 00:39:02.608368+00:00,,2022-11-28 00:39:02.613546+00:00,,,,,
116,50e66bc8-76c3-41df-87cc-fdda8ed58333,3173,ONGOING,2022-11-26 00:39:02.244524+00:00,,2022-11-28 00:39:02.257858+00:00,,,,,
117,55e70808-0ed9-44fd-9d87-819ba9dc4d3e,3173,ONGOING,2022-11-26 05:12:34.893438+00:00,,2022-11-28 05:12:34.898978+00:00,,,,,
118,c51167f6-ff5c-49a8-ae3a-ba5d0c2cccaf,210,ONGOING,2022-11-26 00:40:18.923975+00:00,,2022-11-28 00:40:18.929098+00:00,,,,,
119,30867418-1a42-44eb-966a-a6b3255b8411,3462,ONGOING,2022-11-26 00:40:27.637627+00:00,,2022-11-28 00:40:27.642495+00:00,,,,,
120,0bdf2e4e-c610-4196-b8be-f08e24e97058,3340,ONGOING,2022-11-26 00:40:30.078861+00:00,,2022-11-28 00:40:30.083331+00:00,,,,,
121,39b085c1-1e08-4d4e-ae85-04c40647c989,3510,COMPLETED,2022-11-26 00:40:14.499979+00:00,2022-11-26 01:06:59.578737+00:00,,,,,,
122,dd3eeb44-eb7a-4453-a6ca-c69a32e41bf2,3321,ONGOING,2022-11-26 00:40:35.659142+00:00,,2022-11-28 00:40:35.664704+00:00,,,,,
123,3a238be4-6cc0-4d68-8912-5fb002611dc5,3340,ONGOING,2022-11-26 00:40:40.607483+00:00,,2022-11-28 00:40:40.613459+00:00,,,,,
124,c51167f6-ff5c-49a8-ae3a-ba5d0c2cccaf,3340,ONGOING,2022-11-26 00:40:43.015194+00:00,,2022-11-28 00:40:43.023353+00:00,,,,,
125,2ac81b5c-b167-4aaa-876f-b33e32c98630,3513,ONGOING,2022-11-26 00:41:54.089065+00:00,,2022-11-28 00:41:54.094240+00:00,,,,,
126,24d52554-971f-49a6-8d83-4e270eb44818,210,ONGOING,2022-11-26 00:41:08.924737+00:00,,2022-11-28 00:41:08.931369+00:00,,,,,
127,4960fecc-a53a-4d08-99e6-5ef807d9f270,3463,COMPLETED,2022-11-26 00:41:12.501542+00:00,2022-11-26 00:42:13.326992+00:00,,,,,,
128,39b085c1-1e08-4d4e-ae85-04c40647c989,3517,COMPLETED,2022-11-26 00:42:07.823787+00:00,2022-11-26 00:46:45.033636+00:00,,,,,,
129,ae5096d9-fa15-443d-9f30-c9a46abf4359,3451,ONGOING,2022-11-26 00:42:09.033515+00:00,,2022-11-28 00:42:09.043603+00:00,,,,,
130,5b54a20e-a231-4879-94d8-076f90d73ca7,792,ONGOING,2022-11-26 00:42:32.131774+00:00,,2022-11-28 00:42:32.136375+00:00,,,,,
131,ae5096d9-fa15-443d-9f30-c9a46abf4359,3463,COMPLETED,2022-11-26 00:42:22.547458+00:00,2022-11-26 00:43:23.495461+00:00,,,,,,
132,112f1ddb-58d2-4a02-a69d-e6905e9dad27,3340,ONGOING,2022-11-26 00:42:34.087742+00:00,,2022-11-28 00:42:34.091859+00:00,,,,,
133,bf6bc6ad-bdf0-4827-a08a-a2cbadcc5108,3441,ONGOING,2022-11-26 00:44:07.325709+00:00,,2022-11-28 00:44:07.330279+00:00,,,,,
134,ec82a57d-6d07-421c-a7a9-c3a2c47b9a0d,3340,ONGOING,2022-11-26 00:43:09.663362+00:00,,2022-11-28 00:43:09.668028+00:00,,,,,
135,3db62aad-421b-474e-9b1e-8a88ff370d4f,3529,ONGOING,2022-11-26 00:43:34.009776+00:00,,2022-11-27 18:29:59+00:00,,,,,
136,ae5096d9-fa15-443d-9f30-c9a46abf4359,3529,ONGOING,2022-11-26 00:43:59.315771+00:00,,2022-11-28 00:43:59.319739+00:00,,,,,
137,50e66bc8-76c3-41df-87cc-fdda8ed58333,2328,ONGOING,2022-11-26 00:43:53.685570+00:00,,2022-11-28 00:43:53.690221+00:00,,,,,
138,ae5096d9-fa15-443d-9f30-c9a46abf4359,3512,ONGOING,2022-11-26 00:44:06.360852+00:00,,2022-11-28 00:44:06.365826+00:00,,,,,
139,4960fecc-a53a-4d08-99e6-5ef807d9f270,3512,ONGOING,2022-11-26 00:44:12.923948+00:00,,2022-11-28 00:44:12.928158+00:00,,,,,
140,35e5d136-60f4-4f3e-a2da-634933ae139f,3498,ONGOING,2022-11-26 00:44:57.182791+00:00,,2022-11-28 00:44:57.187121+00:00,,,,,
141,4960fecc-a53a-4d08-99e6-5ef807d9f270,3534,ONGOING,2022-11-26 06:09:22.775491+00:00,,2022-11-28 06:09:22.779262+00:00,,,,,
142,30867418-1a42-44eb-966a-a6b3255b8411,3510,ONGOING,2022-11-26 00:45:28.778333+00:00,,2022-11-28 00:45:28.782522+00:00,,,,,
143,033c38d4-fd46-45a2-b09a-18d637c54129,3183,ONGOING,2022-11-26 07:01:55.144485+00:00,,2022-11-28 07:01:55.149489+00:00,,,,,
144,033c38d4-fd46-45a2-b09a-18d637c54129,3469,ONGOING,2022-11-26 07:02:51.574776+00:00,,2022-11-28 07:02:51.579392+00:00,,,,,
145,30867418-1a42-44eb-966a-a6b3255b8411,3534,ONGOING,2022-11-26 00:45:52.405308+00:00,,2022-11-28 00:45:52.416174+00:00,,,,,
146,bf6bc6ad-bdf0-4827-a08a-a2cbadcc5108,3520,ONGOING,2022-11-26 00:45:54.667073+00:00,,2022-11-28 00:45:54.671312+00:00,,,,,
147,dd3eeb44-eb7a-4453-a6ca-c69a32e41bf2,3525,COMPLETED,2022-11-26 00:46:32.007647+00:00,2022-11-26 00:48:42.040829+00:00,,,,,,
148,39b085c1-1e08-4d4e-ae85-04c40647c989,3477,COMPLETED,2022-11-26 00:46:28.903674+00:00,2022-11-26 00:48:46.054030+00:00,,,,,,
149,0bdf2e4e-c610-4196-b8be-f08e24e97058,3510,COMPLETED,2022-11-26 00:46:58.309335+00:00,2022-11-26 01:26:33.584990+00:00,,,,,,
150,2ac81b5c-b167-4aaa-876f-b33e32c98630,3467,ONGOING,2022-11-26 00:47:24.793100+00:00,,2022-11-28 00:47:24.799073+00:00,,,,,
151,5baab7e2-f5ad-4f9d-b749-9d8e9bee9d2d,3046,ONGOING,2022-11-26 12:01:14.373091+00:00,,2022-11-28 12:01:14.380587+00:00,,,,,
152,aea58daf-f2e4-4f26-a32d-ef523795c7ec,3534,ONGOING,2022-11-26 00:47:52.784612+00:00,,2022-11-28 00:47:52.788864+00:00,,,,,
153,0bdf2e4e-c610-4196-b8be-f08e24e97058,3534,ONGOING,2022-11-26 00:49:32.797227+00:00,,2022-11-28 00:49:32.801157+00:00,,,,,
154,6b4c4353-05e7-4bd3-9a3c-de0d1a19c700,3015,ONGOING,2022-11-26 00:49:50.229223+00:00,,2022-11-28 00:49:50.233503+00:00,,,,,
155,1e4f284c-afcd-4342-b3ac-c5dd689c4258,3340,ONGOING,2022-11-26 03:25:42.320437+00:00,,2022-11-28 03:25:42.325886+00:00,,,,,
156,3db62aad-421b-474e-9b1e-8a88ff370d4f,3534,ONGOING,2022-11-26 00:48:36.795521+00:00,,2022-11-28 00:48:36.799559+00:00,,,,,
157,3a238be4-6cc0-4d68-8912-5fb002611dc5,3173,ONGOING,2022-11-26 00:49:09.828683+00:00,,2022-11-28 00:49:09.832796+00:00,,,,,
158,d601aaf2-2bfd-4e2d-9689-6828212bfe85,3340,ONGOING,2022-11-26 02:27:29.752999+00:00,,2022-11-28 02:27:29.757621+00:00,,,,,
159,06d482fe-f418-4f55-92d8-07aa3f033fd1,3441,ONGOING,2022-11-26 00:49:33.409246+00:00,,2022-11-28 00:49:33.414494+00:00,,,,,
160,be19593d-8df3-4bf7-bbc4-f2487ac544ab,3340,ONGOING,2022-11-26 00:49:40.651613+00:00,,2022-11-28 00:49:40.657639+00:00,,,,,
161,033c38d4-fd46-45a2-b09a-18d637c54129,3507,ONGOING,2022-11-26 14:10:35.359788+00:00,,2022-11-28 14:10:35.364492+00:00,,,,,
162,6b4c4353-05e7-4bd3-9a3c-de0d1a19c700,2415,COMPLETED,2022-11-26 00:50:22.476062+00:00,2022-11-26 00:55:38.630388+00:00,,,,,,
163,ae5096d9-fa15-443d-9f30-c9a46abf4359,3399,ONGOING,2022-11-26 00:49:55.340182+00:00,,2022-11-28 00:49:55.344658+00:00,,,,,
164,ae5096d9-fa15-443d-9f30-c9a46abf4359,3443,ONGOING,2022-11-26 00:50:09.226961+00:00,,2022-11-28 00:50:09.230224+00:00,,,,,
165,39b085c1-1e08-4d4e-ae85-04c40647c989,3227,COMPLETED,2022-11-26 00:50:48.984723+00:00,2022-11-26 00:51:41.992092+00:00,,,,,,
166,b06fa72c-5614-4770-830c-32938f8c476b,3512,ONGOING,2022-11-26 03:27:48.725509+00:00,,2022-11-28 03:27:48.729565+00:00,,,,,
167,5baab7e2-f5ad-4f9d-b749-9d8e9bee9d2d,3015,ONGOING,2022-11-26 12:04:46.997578+00:00,,2022-11-28 12:04:47.001938+00:00,,,,,
168,033c38d4-fd46-45a2-b09a-18d637c54129,3534,ONGOING,2022-11-26 03:29:44.900080+00:00,,2022-11-28 03:29:44.906344+00:00,,,,,
169,0bdf2e4e-c610-4196-b8be-f08e24e97058,3173,ONGOING,2022-11-26 00:51:32.769439+00:00,,2022-11-28 00:51:32.775506+00:00,,,,,
170,aea58daf-f2e4-4f26-a32d-ef523795c7ec,3227,ONGOING,2022-11-26 00:52:38.158615+00:00,,2022-11-28 00:52:38.162808+00:00,,,,,
171,39b085c1-1e08-4d4e-ae85-04c40647c989,3503,COMPLETED,2022-11-26 00:52:38.338564+00:00,2022-11-26 00:53:38.094386+00:00,,,,,,
172,39b085c1-1e08-4d4e-ae85-04c40647c989,3463,ONGOING,2022-11-26 00:51:56.178930+00:00,,2022-11-28 00:51:56.184273+00:00,,,,,
173,39b085c1-1e08-4d4e-ae85-04c40647c989,3520,ONGOING,2022-11-26 00:52:19.544952+00:00,,2022-11-28 00:52:19.548951+00:00,,,,,
174,0bdf2e4e-c610-4196-b8be-f08e24e97058,3498,ONGOING,2022-11-26 00:53:00.754198+00:00,,2022-11-28 00:53:00.758498+00:00,,,,,
175,39b085c1-1e08-4d4e-ae85-04c40647c989,3529,ONGOING,2022-11-26 00:53:46.936797+00:00,,2022-11-27 18:29:59+00:00,,,,,
176,c303ce63-ce0c-4ca6-a59f-a834e10ea59a,3503,COMPLETED,2022-11-26 05:22:42.954176+00:00,2022-11-26 05:24:29.556187+00:00,,,,,,
177,06d482fe-f418-4f55-92d8-07aa3f033fd1,3467,ONGOING,2022-11-26 00:53:36.100286+00:00,,2022-11-28 00:53:36.104263+00:00,,,,,
178,35e5d136-60f4-4f3e-a2da-634933ae139f,3173,ONGOING,2022-11-26 00:53:00.894688+00:00,,2022-11-28 00:53:00.900078+00:00,,,,,
179,b06fa72c-5614-4770-830c-32938f8c476b,3513,ONGOING,2022-11-26 00:54:33.070204+00:00,,2022-11-28 00:54:33.075628+00:00,,,,,
180,e1b85271-8f91-4d7a-90d6-42d97a2a30c5,3340,ONGOING,2022-11-26 13:24:13.844951+00:00,,2022-11-28 13:24:13.855575+00:00,,,,,
181,39b085c1-1e08-4d4e-ae85-04c40647c989,3321,ONGOING,2022-11-26 00:55:04.055074+00:00,,2022-11-28 00:55:04.061119+00:00,,,,,
182,033c38d4-fd46-45a2-b09a-18d637c54129,2945,ONGOING,2022-11-26 07:10:17.222465+00:00,,2022-11-28 07:10:17.228021+00:00,,,,,
183,033c38d4-fd46-45a2-b09a-18d637c54129,3510,ONGOING,2022-11-26 03:31:17.301974+00:00,,2022-11-28 03:31:17.307007+00:00,,,,,
184,033c38d4-fd46-45a2-b09a-18d637c54129,3015,ONGOING,2022-11-26 03:32:26.285901+00:00,,2022-11-28 03:32:26.292718+00:00,,,,,
185,033c38d4-fd46-45a2-b09a-18d637c54129,3467,ONGOING,2022-11-26 14:22:02.509233+00:00,,2022-11-28 14:22:02.524928+00:00,,,,,
186,0bdf2e4e-c610-4196-b8be-f08e24e97058,3269,ONGOING,2022-11-26 00:55:56.491473+00:00,,2022-11-28 00:55:56.504404+00:00,,,,,
187,39b085c1-1e08-4d4e-ae85-04c40647c989,3183,COMPLETED,2022-11-26 00:56:14.420820+00:00,2022-11-26 00:57:19.548652+00:00,,,,,,
188,39b085c1-1e08-4d4e-ae85-04c40647c989,3015,ONGOING,2022-11-26 00:57:32.425982+00:00,,2022-11-28 00:57:32.434698+00:00,,,,,
189,0bdf2e4e-c610-4196-b8be-f08e24e97058,3015,ONGOING,2022-11-26 00:56:20.132529+00:00,,2022-11-28 00:56:20.137117+00:00,,,,,
190,39b085c1-1e08-4d4e-ae85-04c40647c989,2415,ONGOING,2022-11-26 00:57:13.927442+00:00,,2022-11-28 00:57:13.932145+00:00,,,,,
191,39b085c1-1e08-4d4e-ae85-04c40647c989,3173,ONGOING,2022-11-26 00:57:44.773296+00:00,,2022-11-28 00:57:44.776436+00:00,,,,,
192,39b085c1-1e08-4d4e-ae85-04c40647c989,3498,ONGOING,2022-11-26 00:57:56.935963+00:00,,2022-11-28 00:57:56.939587+00:00,,,,,
193,3db62aad-421b-474e-9b1e-8a88ff370d4f,792,ONGOING,2022-11-26 00:57:00.499638+00:00,,2022-11-27 18:29:59+00:00,,,,,
194,35e5d136-60f4-4f3e-a2da-634933ae139f,3510,ONGOING,2022-11-26 00:57:31.910477+00:00,,2022-11-28 00:57:31.914652+00:00,,,,,
195,39b085c1-1e08-4d4e-ae85-04c40647c989,792,ONGOING,2022-11-26 00:58:06.975724+00:00,,2022-11-28 00:58:06.979670+00:00,,,,,
196,39b085c1-1e08-4d4e-ae85-04c40647c989,3467,ONGOING,2022-11-26 00:59:13.297287+00:00,,2022-11-28 00:59:13.303221+00:00,,,,,
197,c51167f6-ff5c-49a8-ae3a-ba5d0c2cccaf,3510,ONGOING,2022-11-26 07:12:59.835184+00:00,,2022-11-28 07:12:59.840690+00:00,,,,,
198,39b085c1-1e08-4d4e-ae85-04c40647c989,3534,ONGOING,2022-11-26 00:58:49.048785+00:00,,2022-11-28 00:58:49.070398+00:00,,,,,
199,0bdf2e4e-c610-4196-b8be-f08e24e97058,3507,ONGOING,2022-11-26 00:59:00.321980+00:00,,2022-11-28 00:59:00.325888+00:00,,,,,
200,5b54a20e-a231-4879-94d8-076f90d73ca7,3462,ONGOING,2022-11-26 00:59:04.290213+00:00,,2022-11-28 00:59:04.302891+00:00,,,,,
201,0bdf2e4e-c610-4196-b8be-f08e24e97058,3512,ONGOING,2022-11-26 00:59:11.552724+00:00,,2022-11-28 00:59:11.556989+00:00,,,,,
202,44f9c9f1-1ce1-4b04-8042-ddb1c548c589,210,ONGOING,2022-11-26 00:59:15.620851+00:00,,2022-11-28 00:59:15.625028+00:00,,,,,
203,8a488246-83d3-4028-b216-85ee8c3e504d,3340,ONGOING,2022-11-26 02:35:45.439537+00:00,,2022-11-28 02:35:45.446238+00:00,,,,,
204,b06fa72c-5614-4770-830c-32938f8c476b,1024,ONGOING,2022-11-26 01:01:43.177631+00:00,,2022-11-28 01:01:43.181576+00:00,,,,,
205,e1b85271-8f91-4d7a-90d6-42d97a2a30c5,3173,ONGOING,2022-11-26 13:26:08.503111+00:00,,2022-11-28 13:26:08.507508+00:00,,,,,
206,50e66bc8-76c3-41df-87cc-fdda8ed58333,3015,ONGOING,2022-11-26 04:39:47.516501+00:00,,2022-11-28 04:39:47.520371+00:00,,,,,
207,5b54a20e-a231-4879-94d8-076f90d73ca7,3520,ONGOING,2022-11-26 01:02:57.046623+00:00,,2022-11-28 01:02:57.052238+00:00,,,,,
208,06d482fe-f418-4f55-92d8-07aa3f033fd1,3515,ONGOING,2022-11-26 01:03:32.513030+00:00,,2022-11-28 01:03:32.518023+00:00,,,,,
209,0bdf2e4e-c610-4196-b8be-f08e24e97058,3529,ONGOING,2022-11-26 01:02:38.442886+00:00,,2022-11-27 18:29:59+00:00,,,,,
210,39b085c1-1e08-4d4e-ae85-04c40647c989,3535,ONGOING,2022-11-26 01:03:53.500407+00:00,,2022-11-28 01:03:53.504316+00:00,,,,,
211,0bdf2e4e-c610-4196-b8be-f08e24e97058,3469,ONGOING,2022-11-26 01:04:14.042362+00:00,,2022-11-28 01:04:14.053192+00:00,,,,,
212,0bdf2e4e-c610-4196-b8be-f08e24e97058,2328,ONGOING,2022-11-26 01:04:24.270688+00:00,,2022-11-28 01:04:24.278059+00:00,,,,,
213,0bdf2e4e-c610-4196-b8be-f08e24e97058,3503,COMPLETED,2022-11-26 01:04:35.963800+00:00,2022-11-26 01:05:11.869647+00:00,,,,,,
214,06d482fe-f418-4f55-92d8-07aa3f033fd1,3340,ONGOING,2022-11-26 01:05:07.278205+00:00,,2022-11-28 01:05:07.282789+00:00,,,,,
215,c303ce63-ce0c-4ca6-a59f-a834e10ea59a,3227,ONGOING,2022-11-26 05:33:00.109057+00:00,,2022-11-28 05:33:00.120761+00:00,,,,,
216,5baab7e2-f5ad-4f9d-b749-9d8e9bee9d2d,3498,ONGOING,2022-11-26 01:08:33.197762+00:00,,2022-11-28 01:08:33.201781+00:00,,,,,
217,44f9c9f1-1ce1-4b04-8042-ddb1c548c589,3510,ONGOING,2022-11-26 06:35:03.602473+00:00,,2022-11-28 06:35:03.606935+00:00,,,,,
218,5baab7e2-f5ad-4f9d-b749-9d8e9bee9d2d,3529,ONGOING,2022-11-26 01:08:52.391979+00:00,,2022-11-27 18:29:59+00:00,,,,,
219,efc9fa60-1d9f-4295-a296-b75838a24a6d,792,ONGOING,2022-11-26 01:09:17.565902+00:00,,2022-11-28 01:09:17.572559+00:00,,,,,
220,033c38d4-fd46-45a2-b09a-18d637c54129,3503,COMPLETED,2022-11-26 07:03:46.846225+00:00,2022-11-26 13:10:23.492108+00:00,,,,,,
221,5baab7e2-f5ad-4f9d-b749-9d8e9bee9d2d,3173,ONGOING,2022-11-26 01:10:48.357726+00:00,,2022-11-28 01:10:48.363758+00:00,,,,,
222,033c38d4-fd46-45a2-b09a-18d637c54129,3505,COMPLETED,2022-11-26 03:50:40.727196+00:00,2022-11-26 04:25:48.755496+00:00,,,,,,
223,c303ce63-ce0c-4ca6-a59f-a834e10ea59a,3512,ONGOING,2022-11-26 03:51:08.757476+00:00,,2022-11-28 03:51:08.765891+00:00,,,,,
224,e1b85271-8f91-4d7a-90d6-42d97a2a30c5,3467,ONGOING,2022-11-26 01:12:54.496605+00:00,,2022-11-28 01:12:54.501950+00:00,,,,,
225,44f9c9f1-1ce1-4b04-8042-ddb1c548c589,3462,COMPLETED,2022-11-26 05:38:27.267609+00:00,2022-11-26 05:49:44.332463+00:00,,,,,,
226,8a488246-83d3-4028-b216-85ee8c3e504d,3173,ONGOING,2022-11-26 02:46:07.652688+00:00,,2022-11-28 02:46:07.661166+00:00,,,,,
227,e5c792a3-9cd9-4d10-a7b5-e5ee0f0f5fad,3340,ONGOING,2022-11-26 01:14:06.822383+00:00,,2022-11-28 01:14:06.826846+00:00,,,,,
228,033c38d4-fd46-45a2-b09a-18d637c54129,3195,ONGOING,2022-11-26 14:11:49.486879+00:00,,2022-11-28 14:11:49.492569+00:00,,,,,
229,6b4c4353-05e7-4bd3-9a3c-de0d1a19c700,3535,COMPLETED,2022-11-26 01:58:40.533160+00:00,2022-11-26 01:59:40.836519+00:00,,,,,,
230,55e70808-0ed9-44fd-9d87-819ba9dc4d3e,792,ONGOING,2022-11-26 14:27:00.973237+00:00,,2022-11-30 18:29:59+00:00,,,,,
231,417bcb37-44cf-43c3-ba51-5d39c825caf7,3513,COMPLETED,2022-11-27 03:22:15.680148+00:00,2022-11-27 03:35:00.820513+00:00,,,,,,
232,53134b4c-9bbf-4296-bea4-62587663f030,3477,ONGOING,2022-11-27 02:05:34.084649+00:00,,2022-11-29 02:05:34.094433+00:00,,,,,
233,417bcb37-44cf-43c3-ba51-5d39c825caf7,3046,ONGOING,2022-11-27 08:45:25.244078+00:00,,2022-11-29 08:45:25.247660+00:00,,,,,
234,53134b4c-9bbf-4296-bea4-62587663f030,3534,ONGOING,2022-11-27 02:07:39.364233+00:00,,2022-11-29 02:07:39.368111+00:00,,,,,
235,4960fecc-a53a-4d08-99e6-5ef807d9f270,3173,ONGOING,2022-11-27 00:54:23.141812+00:00,,2022-11-29 00:54:23.145660+00:00,,,,,
236,53134b4c-9bbf-4296-bea4-62587663f030,2415,ONGOING,2022-11-27 02:06:51.103870+00:00,,2022-11-29 02:06:51.108052+00:00,,,,,
237,53134b4c-9bbf-4296-bea4-62587663f030,2328,ONGOING,2022-11-27 02:08:26.854311+00:00,,2022-11-29 02:08:26.859882+00:00,,,,,
238,55e70808-0ed9-44fd-9d87-819ba9dc4d3e,3510,COMPLETED,2022-11-26 14:38:07.005796+00:00,2022-11-26 15:04:48.098827+00:00,,,,,,
239,67d4464d-62b8-4d5e-85f2-4144a732b154,3467,COMPLETED,2022-11-27 02:09:38.964991+00:00,2022-11-27 02:15:33.035492+00:00,,,,,,
240,be19593d-8df3-4bf7-bbc4-f2487ac544ab,1024,ONGOING,2022-11-26 17:04:37.844244+00:00,,2022-11-28 17:04:37.849681+00:00,,,,,
241,55e70808-0ed9-44fd-9d87-819ba9dc4d3e,3321,ONGOING,2022-11-26 14:44:49.741586+00:00,,2022-11-28 14:44:49.744970+00:00,,,,,
242,a83cc0e7-637c-464c-b6ad-407c6c94a633,3467,ONGOING,2022-11-27 03:32:03.015874+00:00,,2022-11-29 03:32:03.019915+00:00,,,,,
243,18f9d5c1-c378-4c3a-b829-f5d81ca03653,3503,ONGOING,2022-11-27 16:26:43.350650+00:00,,2022-11-29 16:26:43.355433+00:00,,,,,
244,0e205d6d-d50b-4dba-a0cd-0355b4f2cc49,3015,ONGOING,2022-11-27 15:38:19.814545+00:00,,2022-11-29 15:38:19.819592+00:00,,,,,
245,417bcb37-44cf-43c3-ba51-5d39c825caf7,2328,ONGOING,2022-11-27 03:34:34.299428+00:00,,2022-11-29 03:34:34.304332+00:00,,,,,
246,805763d6-87b3-40c7-bb84-dd663669c836,792,ONGOING,2022-11-27 07:27:24.329274+00:00,,2022-11-28 18:29:59+00:00,,,,,
247,e066a509-b551-43bf-87a3-7416ecb7ce73,3534,ONGOING,2022-11-27 10:53:03.364805+00:00,,2022-11-29 10:53:03.369521+00:00,,,,,
248,417bcb37-44cf-43c3-ba51-5d39c825caf7,3399,ONGOING,2022-11-27 03:36:00.075380+00:00,,2022-11-29 03:36:00.079751+00:00,,,,,
249,805763d6-87b3-40c7-bb84-dd663669c836,2931,ONGOING,2022-11-27 06:06:47.637967+00:00,,2022-11-28 18:29:59+00:00,,,,,
250,ae5096d9-fa15-443d-9f30-c9a46abf4359,3534,ONGOING,2022-11-27 03:40:12.994193+00:00,,2022-11-29 03:40:12.997626+00:00,,,,,
251,55e70808-0ed9-44fd-9d87-819ba9dc4d3e,3520,ONGOING,2022-11-27 12:02:40.241389+00:00,,2022-11-29 12:02:40.246198+00:00,,,,,
252,805763d6-87b3-40c7-bb84-dd663669c836,2795,ONGOING,2022-11-27 06:59:36.287178+00:00,,2022-11-29 06:59:36.291252+00:00,,,,,
253,ae5096d9-fa15-443d-9f30-c9a46abf4359,3469,ONGOING,2022-11-27 03:41:12.185374+00:00,,2022-11-29 03:41:12.190492+00:00,,,,,
254,67d4464d-62b8-4d5e-85f2-4144a732b154,3510,ONGOING,2022-11-27 03:42:55.183581+00:00,,2022-11-29 03:42:55.188266+00:00,,,,,
255,ae5096d9-fa15-443d-9f30-c9a46abf4359,792,ONGOING,2022-11-27 03:43:21.244379+00:00,,2022-11-29 03:43:21.248455+00:00,,,,,
256,67d4464d-62b8-4d5e-85f2-4144a732b154,3173,ONGOING,2022-11-27 02:24:21.217061+00:00,,2022-11-29 02:24:21.221749+00:00,,,,,
257,ae5096d9-fa15-443d-9f30-c9a46abf4359,3507,ONGOING,2022-11-27 03:44:17.275861+00:00,,2022-11-29 03:44:17.283988+00:00,,,,,
258,ae5096d9-fa15-443d-9f30-c9a46abf4359,3467,ONGOING,2022-11-27 03:46:52.960277+00:00,,2022-11-29 03:46:52.964733+00:00,,,,,
259,e066a509-b551-43bf-87a3-7416ecb7ce73,3237,ONGOING,2022-11-27 11:03:06.616522+00:00,,2022-11-29 11:03:06.621036+00:00,,,,,
260,bf6bc6ad-bdf0-4827-a08a-a2cbadcc5108,3467,ONGOING,2022-11-27 09:04:58.497935+00:00,,2022-11-29 09:04:58.502401+00:00,,,,,
261,417bcb37-44cf-43c3-ba51-5d39c825caf7,3510,COMPLETED,2022-11-27 04:00:27.034155+00:00,2022-11-27 12:08:08.333897+00:00,,,,,,
262,44f9c9f1-1ce1-4b04-8042-ddb1c548c589,3531,ONGOING,2022-11-27 08:05:24.735529+00:00,,2022-11-29 08:05:24.739567+00:00,,,,,
263,417bcb37-44cf-43c3-ba51-5d39c825caf7,3473,ONGOING,2022-11-27 03:51:05.878375+00:00,,2022-11-29 03:51:05.883071+00:00,,,,,
264,c3e07fd8-ed1c-4e95-a4b7-e8b8f523fdad,792,ONGOING,2022-11-26 18:07:48.883702+00:00,,2022-11-28 18:07:48.887646+00:00,,,,,
265,44f9c9f1-1ce1-4b04-8042-ddb1c548c589,3469,ONGOING,2022-11-27 08:06:17.224509+00:00,,2022-11-29 08:06:17.229516+00:00,,,,,
266,1e4f284c-afcd-4342-b3ac-c5dd689c4258,2795,ONGOING,2022-11-27 12:15:28.775887+00:00,,2022-11-29 12:15:28.779573+00:00,,,,,
267,5baab7e2-f5ad-4f9d-b749-9d8e9bee9d2d,2934,ONGOING,2022-11-27 12:19:11.297770+00:00,,2022-11-29 12:19:11.302398+00:00,,,,,
268,55e70808-0ed9-44fd-9d87-819ba9dc4d3e,2328,ONGOING,2022-11-27 06:22:03.916583+00:00,,2022-11-29 06:22:03.921976+00:00,,,,,
269,67d4464d-62b8-4d5e-85f2-4144a732b154,792,ONGOING,2022-11-27 02:47:41.151529+00:00,,2022-11-29 02:47:41.154949+00:00,,,,,
270,417bcb37-44cf-43c3-ba51-5d39c825caf7,3331,ONGOING,2022-11-27 12:23:09.468464+00:00,,2022-11-29 12:23:09.472562+00:00,,,,,
271,18f9d5c1-c378-4c3a-b829-f5d81ca03653,3467,ONGOING,2022-11-26 19:47:46.780309+00:00,,2022-11-28 19:47:46.783803+00:00,,,,,
272,a83cc0e7-637c-464c-b6ad-407c6c94a633,3534,ONGOING,2022-11-26 19:47:55.014956+00:00,,2022-11-28 19:47:55.020688+00:00,,,,,
273,bba5bdf4-9728-42c3-8897-a7dc73ec3594,3534,ONGOING,2022-11-26 19:53:10.949169+00:00,,2022-11-28 19:53:10.952726+00:00,,,,,
274,bba5bdf4-9728-42c3-8897-a7dc73ec3594,3505,ONGOING,2022-11-26 19:54:09.776731+00:00,,2022-11-28 19:54:09.779941+00:00,,,,,
275,bba5bdf4-9728-42c3-8897-a7dc73ec3594,3469,ONGOING,2022-11-26 19:54:35.783847+00:00,,2022-11-28 19:54:35.787179+00:00,,,,,
276,0e205d6d-d50b-4dba-a0cd-0355b4f2cc49,3534,ONGOING,2022-11-26 19:59:08.938546+00:00,,2022-11-28 19:59:08.955452+00:00,,,,,
277,18f9d5c1-c378-4c3a-b829-f5d81ca03653,3510,ONGOING,2022-11-26 19:56:50.969821+00:00,,2022-11-28 19:56:50.972936+00:00,,,,,
278,0e205d6d-d50b-4dba-a0cd-0355b4f2cc49,3227,ONGOING,2022-11-26 19:57:39.595057+00:00,,2022-11-28 19:57:39.598606+00:00,,,,,
279,0e205d6d-d50b-4dba-a0cd-0355b4f2cc49,3505,ONGOING,2022-11-26 20:01:40.162526+00:00,,2022-11-28 20:01:40.166434+00:00,,,,,
280,792b3da8-618b-4bbe-996c-63f45820327a,3183,ONGOING,2022-11-26 20:37:46.947442+00:00,,2022-11-28 20:37:46.952388+00:00,,,,,
281,792b3da8-618b-4bbe-996c-63f45820327a,3469,ONGOING,2022-11-26 20:38:16.057369+00:00,,2022-11-28 20:38:16.061398+00:00,,,,,
282,792b3da8-618b-4bbe-996c-63f45820327a,3534,ONGOING,2022-11-26 20:37:14.057557+00:00,,2022-11-28 20:37:14.060944+00:00,,,,,
283,792b3da8-618b-4bbe-996c-63f45820327a,2945,COMPLETED,2022-11-26 20:38:30.827563+00:00,2022-11-26 20:39:29.387017+00:00,,,,,,
284,e9812a7b-a60f-4b07-b888-82b0bd45bb80,2945,COMPLETED,2022-11-26 21:23:33.221247+00:00,2022-11-26 21:27:23.706512+00:00,,,,,,
285,805763d6-87b3-40c7-bb84-dd663669c836,3195,ONGOING,2022-11-26 21:19:09.706075+00:00,,2022-11-28 21:19:09.711025+00:00,,,,,
286,e9812a7b-a60f-4b07-b888-82b0bd45bb80,3467,ONGOING,2022-11-26 21:28:11.674673+00:00,,2022-11-28 21:28:11.678606+00:00,,,,,
287,805763d6-87b3-40c7-bb84-dd663669c836,3494,ONGOING,2022-11-26 21:21:19.914602+00:00,,2022-11-28 21:21:19.920149+00:00,,,,,
288,e1b85271-8f91-4d7a-90d6-42d97a2a30c5,2795,ONGOING,2022-11-27 12:26:29.300830+00:00,,2022-11-29 12:26:29.308176+00:00,,,,,
289,b2bfe990-e4c5-46c7-ad6e-07e3eed076fe,3534,ONGOING,2022-11-26 21:59:46.597827+00:00,,2022-11-28 21:59:46.601224+00:00,,,,,
290,b2bfe990-e4c5-46c7-ad6e-07e3eed076fe,3503,COMPLETED,2022-11-26 22:00:59.817985+00:00,2022-11-26 22:02:13.774168+00:00,,,,,,
291,417bcb37-44cf-43c3-ba51-5d39c825caf7,2934,ONGOING,2022-11-27 11:28:22.929194+00:00,,2022-11-29 11:28:22.932577+00:00,,,,,
292,b2bfe990-e4c5-46c7-ad6e-07e3eed076fe,3237,ONGOING,2022-11-26 22:04:06.302494+00:00,,2022-11-28 22:04:06.306251+00:00,,,,,
293,94c1a32a-de5c-4911-b7ad-f245a57b6d10,3469,ONGOING,2022-11-26 22:05:00.629887+00:00,,2022-11-28 22:05:00.634358+00:00,,,,,
294,b2bfe990-e4c5-46c7-ad6e-07e3eed076fe,3520,ONGOING,2022-11-26 22:07:43.305617+00:00,,2022-11-28 22:07:43.309343+00:00,,,,,
295,f3375d83-3d8e-416f-a97d-c8e0f03f2b2d,3469,ONGOING,2022-11-26 22:08:37.534405+00:00,,2022-11-28 22:08:37.541531+00:00,,,,,
296,417bcb37-44cf-43c3-ba51-5d39c825caf7,3534,ONGOING,2022-11-26 22:09:22.469862+00:00,,2022-11-28 22:09:22.473571+00:00,,,,,
297,94c1a32a-de5c-4911-b7ad-f245a57b6d10,3173,ONGOING,2022-11-26 22:10:37.828870+00:00,,2022-11-28 22:10:37.832669+00:00,,,,,
298,417bcb37-44cf-43c3-ba51-5d39c825caf7,3469,ONGOING,2022-11-26 22:11:34.305115+00:00,,2022-11-28 22:11:34.308509+00:00,,,,,
299,d0213a98-fcb0-4b1d-b795-ed89ddc61f9a,3195,ONGOING,2022-11-26 22:23:05.392738+00:00,,2022-11-28 22:23:05.398286+00:00,,,,,
300,b2bfe990-e4c5-46c7-ad6e-07e3eed076fe,3469,ONGOING,2022-11-26 22:00:37.866423+00:00,,2022-11-28 22:00:37.870924+00:00,,,,,
301,f3375d83-3d8e-416f-a97d-c8e0f03f2b2d,3534,ONGOING,2022-11-26 22:08:07.000899+00:00,,2022-11-28 22:08:07.005107+00:00,,,,,
302,94c1a32a-de5c-4911-b7ad-f245a57b6d10,3534,ONGOING,2022-11-26 22:08:03.218937+00:00,,2022-11-28 22:08:03.222572+00:00,,,,,
303,d0213a98-fcb0-4b1d-b795-ed89ddc61f9a,3520,ONGOING,2022-11-26 22:29:11.910887+00:00,,2022-11-28 22:29:11.915521+00:00,,,,,
304,d0213a98-fcb0-4b1d-b795-ed89ddc61f9a,3469,ONGOING,2022-11-26 22:24:05.650713+00:00,,2022-11-28 22:24:05.655250+00:00,,,,,
305,94c1a32a-de5c-4911-b7ad-f245a57b6d10,3507,ONGOING,2022-11-26 22:24:49.470175+00:00,,2022-11-28 22:24:49.473271+00:00,,,,,
306,94c1a32a-de5c-4911-b7ad-f245a57b6d10,3015,ONGOING,2022-11-26 22:25:15.573871+00:00,,2022-11-28 22:25:15.577242+00:00,,,,,
307,d0213a98-fcb0-4b1d-b795-ed89ddc61f9a,3227,ONGOING,2022-11-26 22:29:20.575994+00:00,,2022-11-28 22:29:20.580097+00:00,,,,,
308,94c1a32a-de5c-4911-b7ad-f245a57b6d10,3467,ONGOING,2022-11-26 22:35:21.537719+00:00,,2022-11-28 22:35:21.541411+00:00,,,,,
309,ddc13f03-f1a9-4feb-a821-a7b56fb66d64,2795,ONGOING,2022-11-27 08:22:47.043378+00:00,,2022-11-29 08:22:47.047426+00:00,,,,,
310,94c1a32a-de5c-4911-b7ad-f245a57b6d10,3510,ONGOING,2022-11-26 22:47:00.095868+00:00,,2022-11-28 22:47:00.099580+00:00,,,,,
311,e1b85271-8f91-4d7a-90d6-42d97a2a30c5,3513,ONGOING,2022-11-27 12:28:44.041790+00:00,,2022-11-29 12:28:44.046198+00:00,,,,,
312,aff26172-41d6-4e69-9b02-48011fe35804,3505,COMPLETED,2022-11-26 22:51:54.822615+00:00,2022-11-27 19:17:44.575560+00:00,,,,,,
313,417bcb37-44cf-43c3-ba51-5d39c825caf7,2795,ONGOING,2022-11-27 07:26:28.854584+00:00,,2022-11-29 07:26:28.859964+00:00,,,,,
314,53134b4c-9bbf-4296-bea4-62587663f030,3480,ONGOING,2022-11-26 23:13:07.407015+00:00,,2022-11-28 23:13:07.410651+00:00,,,,,
315,53134b4c-9bbf-4296-bea4-62587663f030,3469,ONGOING,2022-11-26 22:59:52.948863+00:00,,2022-11-28 22:59:52.952630+00:00,,,,,
316,ddc13f03-f1a9-4feb-a821-a7b56fb66d64,3340,ONGOING,2022-11-26 23:08:38.548446+00:00,,2022-11-28 23:08:38.553545+00:00,,,,,
317,15129061-e4cc-4676-82b8-f9f78bb40fb0,3321,COMPLETED,2022-11-26 23:08:54.380457+00:00,2022-11-26 23:27:51.319774+00:00,,,,,,
318,15129061-e4cc-4676-82b8-f9f78bb40fb0,3451,ONGOING,2022-11-26 23:07:40.443035+00:00,,2022-11-28 23:07:40.446632+00:00,,,,,
319,15129061-e4cc-4676-82b8-f9f78bb40fb0,3520,ONGOING,2022-11-26 23:08:11.206240+00:00,,2022-11-28 23:08:11.210157+00:00,,,,,
320,53134b4c-9bbf-4296-bea4-62587663f030,3467,ONGOING,2022-11-26 23:13:49.206008+00:00,,2022-11-28 23:13:49.209645+00:00,,,,,
321,53134b4c-9bbf-4296-bea4-62587663f030,3510,ONGOING,2022-11-26 23:15:12.176581+00:00,,2022-11-28 23:15:12.180569+00:00,,,,,
322,a8d4665e-741b-4532-ac10-3d91614eb15e,3237,ONGOING,2022-11-26 23:28:12.127531+00:00,,2022-11-28 23:28:12.131510+00:00,,,,,
323,53134b4c-9bbf-4296-bea4-62587663f030,3399,ONGOING,2022-11-26 23:16:43.427062+00:00,,2022-11-28 23:16:43.430832+00:00,,,,,
324,55e70808-0ed9-44fd-9d87-819ba9dc4d3e,3015,ONGOING,2022-11-27 05:46:22.744206+00:00,,2022-11-29 05:46:22.748445+00:00,,,,,
325,f5a888fe-f92d-44ed-899f-ef0a8ee7e0f2,3510,ONGOING,2022-11-26 23:34:45.542599+00:00,,2022-11-28 23:34:45.546394+00:00,,,,,
326,a8d4665e-741b-4532-ac10-3d91614eb15e,3173,ONGOING,2022-11-26 23:42:56.983597+00:00,,2022-11-28 23:42:56.987201+00:00,,,,,
327,af75916c-7d2b-4301-9659-18710d6141c7,3399,ONGOING,2022-11-26 23:51:06.535798+00:00,,2022-11-28 23:51:06.541255+00:00,,,,,
328,af75916c-7d2b-4301-9659-18710d6141c7,3480,ONGOING,2022-11-26 23:52:50.291855+00:00,,2022-11-28 23:52:50.296232+00:00,,,,,
329,1c45ae08-1b1b-4c8e-9860-76cf2688f7d1,3227,ONGOING,2022-11-26 23:53:17.229026+00:00,,2022-11-28 23:53:17.233923+00:00,,,,,
330,55e70808-0ed9-44fd-9d87-819ba9dc4d3e,3528,COMPLETED,2022-11-27 05:50:22.627131+00:00,2022-11-29 01:09:32.003868+00:00,,,,,,
331,5baab7e2-f5ad-4f9d-b749-9d8e9bee9d2d,3503,COMPLETED,2022-11-27 03:01:48.968607+00:00,2022-11-27 03:04:23.639836+00:00,,,,,,
332,44f9c9f1-1ce1-4b04-8042-ddb1c548c589,2795,ONGOING,2022-11-27 07:30:50.292189+00:00,,2022-11-29 07:30:50.298525+00:00,,,,,
333,0e205d6d-d50b-4dba-a0cd-0355b4f2cc49,3451,ONGOING,2022-11-27 03:03:22.112327+00:00,,2022-11-29 03:03:22.117853+00:00,,,,,
334,a8d4665e-741b-4532-ac10-3d91614eb15e,792,ONGOING,2022-11-27 00:03:59.390827+00:00,,2022-11-29 00:03:59.394733+00:00,,,,,
335,5baab7e2-f5ad-4f9d-b749-9d8e9bee9d2d,3469,ONGOING,2022-11-27 03:04:48.511342+00:00,,2022-11-29 03:04:48.515076+00:00,,,,,
336,e1b85271-8f91-4d7a-90d6-42d97a2a30c5,3498,ONGOING,2022-11-27 00:09:02.371814+00:00,,2022-11-29 00:09:02.377948+00:00,,,,,
337,d0213a98-fcb0-4b1d-b795-ed89ddc61f9a,3046,ONGOING,2022-11-27 08:29:12.442368+00:00,,2022-11-29 08:29:12.445755+00:00,,,,,
338,d0213a98-fcb0-4b1d-b795-ed89ddc61f9a,3528,ONGOING,2022-11-27 08:26:40.630612+00:00,,2022-11-28 18:29:59+00:00,,,,,
339,0e205d6d-d50b-4dba-a0cd-0355b4f2cc49,3480,ONGOING,2022-11-27 03:06:25.515778+00:00,,2022-11-29 03:06:25.519915+00:00,,,,,
340,55e70808-0ed9-44fd-9d87-819ba9dc4d3e,3467,ONGOING,2022-11-27 15:26:10.883606+00:00,,2022-11-29 15:26:10.893828+00:00,,,,,
341,ae5096d9-fa15-443d-9f30-c9a46abf4359,3015,ONGOING,2022-11-27 00:20:45.151190+00:00,,2022-11-29 00:20:45.157131+00:00,,,,,
342,805763d6-87b3-40c7-bb84-dd663669c836,3399,ONGOING,2022-11-27 06:36:55.085818+00:00,,2022-11-29 06:36:55.100814+00:00,,,,,
343,55e70808-0ed9-44fd-9d87-819ba9dc4d3e,3227,ONGOING,2022-11-27 10:29:34.482377+00:00,,2022-11-29 10:29:34.487771+00:00,,,,,
344,5baab7e2-f5ad-4f9d-b749-9d8e9bee9d2d,3511,COMPLETED,2022-11-27 07:37:18.044214+00:00,2022-11-27 07:39:31.506954+00:00,,,,,,
345,e1b85271-8f91-4d7a-90d6-42d97a2a30c5,3534,ONGOING,2022-11-27 00:26:41.056810+00:00,,2022-11-29 00:26:41.060602+00:00,,,,,
346,c17a165e-9052-4780-a6f9-03fed42aabb3,3237,ONGOING,2022-11-27 06:40:09.529162+00:00,,2022-11-29 06:40:09.533255+00:00,,,,,
347,4960fecc-a53a-4d08-99e6-5ef807d9f270,2795,ONGOING,2022-11-27 08:35:39.182233+00:00,,2022-11-29 08:35:39.188336+00:00,,,,,
348,417bcb37-44cf-43c3-ba51-5d39c825caf7,3531,ONGOING,2022-11-27 07:40:03.797800+00:00,,2022-11-29 07:40:03.802189+00:00,,,,,
349,ae5096d9-fa15-443d-9f30-c9a46abf4359,2945,ONGOING,2022-11-27 03:15:55.776456+00:00,,2022-11-29 03:15:55.781726+00:00,,,,,
350,417bcb37-44cf-43c3-ba51-5d39c825caf7,3481,ONGOING,2022-11-27 05:56:28.202899+00:00,,2022-11-29 05:56:28.207597+00:00,,,,,
351,55e70808-0ed9-44fd-9d87-819ba9dc4d3e,3269,ONGOING,2022-11-27 11:42:06.418790+00:00,,2022-11-29 11:42:06.423451+00:00,,,,,
352,805763d6-87b3-40c7-bb84-dd663669c836,3382,COMPLETED,2022-11-27 06:41:15.531333+00:00,2022-11-27 06:54:15.325097+00:00,,,,,,
353,ae5096d9-fa15-443d-9f30-c9a46abf4359,3227,ONGOING,2022-11-27 03:16:14.324491+00:00,,2022-11-29 03:16:14.330081+00:00,,,,,
354,805763d6-87b3-40c7-bb84-dd663669c836,3513,ONGOING,2022-11-27 06:43:28.327111+00:00,,2022-11-29 06:43:28.331045+00:00,,,,,
355,033c38d4-fd46-45a2-b09a-18d637c54129,3443,ONGOING,2022-11-27 03:19:27.168128+00:00,,2022-11-29 03:19:27.172937+00:00,,,,,
356,4960fecc-a53a-4d08-99e6-5ef807d9f270,2934,ONGOING,2022-11-27 11:45:51.902933+00:00,,2022-11-29 11:45:51.907678+00:00,,,,,
357,5baab7e2-f5ad-4f9d-b749-9d8e9bee9d2d,3513,ONGOING,2022-11-27 00:44:08.600475+00:00,,2022-11-29 00:44:08.604191+00:00,,,,,
358,44f9c9f1-1ce1-4b04-8042-ddb1c548c589,3500,ONGOING,2022-11-27 07:45:05.479312+00:00,,2022-11-29 07:45:05.483968+00:00,,,,,
359,53134b4c-9bbf-4296-bea4-62587663f030,3513,ONGOING,2022-11-27 02:03:35.004066+00:00,,2022-11-29 02:03:35.009211+00:00,,,,,
360,94c1a32a-de5c-4911-b7ad-f245a57b6d10,3546,ONGOING,2022-11-28 10:01:41.804935+00:00,,2022-11-30 10:01:41.809536+00:00,,,,,
361,0e205d6d-d50b-4dba-a0cd-0355b4f2cc49,3469,ONGOING,2022-11-28 03:09:23.579383+00:00,,2022-11-30 03:09:23.584038+00:00,,,,,
362,0e205d6d-d50b-4dba-a0cd-0355b4f2cc49,3541,ONGOING,2022-11-28 05:35:07.760940+00:00,,2022-11-30 05:35:07.769887+00:00,,,,,
363,5baab7e2-f5ad-4f9d-b749-9d8e9bee9d2d,3531,ONGOING,2022-11-28 08:29:19.089160+00:00,,2022-11-30 08:29:19.097704+00:00,,,,,
364,8a488246-83d3-4028-b216-85ee8c3e504d,2795,ONGOING,2022-11-28 01:48:51.821057+00:00,,2022-11-30 01:48:51.831602+00:00,,,,,
365,0e205d6d-d50b-4dba-a0cd-0355b4f2cc49,3173,ONGOING,2022-11-28 03:18:19.678512+00:00,,2022-11-30 03:18:19.682990+00:00,,,,,
366,4960fecc-a53a-4d08-99e6-5ef807d9f270,3270,ONGOING,2022-11-28 11:47:42.311115+00:00,,2022-11-30 11:47:42.316341+00:00,,,,,
367,0e205d6d-d50b-4dba-a0cd-0355b4f2cc49,3270,ONGOING,2022-11-28 05:39:38.505466+00:00,,2022-11-30 05:39:38.509815+00:00,,,,,
368,94c1a32a-de5c-4911-b7ad-f245a57b6d10,3538,COMPLETED,2022-11-28 04:40:46.412580+00:00,2022-11-28 04:42:28.743584+00:00,,,,,,
369,67d4464d-62b8-4d5e-85f2-4144a732b154,3451,ONGOING,2022-11-28 13:29:32.473115+00:00,,2022-11-30 13:29:32.476774+00:00,,,,,
370,4960fecc-a53a-4d08-99e6-5ef807d9f270,3377,ONGOING,2022-11-28 11:26:08.209688+00:00,,2022-11-30 11:26:08.215060+00:00,,,,,
371,5baab7e2-f5ad-4f9d-b749-9d8e9bee9d2d,3462,ONGOING,2022-11-28 08:09:25.659065+00:00,,2022-11-30 08:09:25.663359+00:00,,,,,
372,94c1a32a-de5c-4911-b7ad-f245a57b6d10,3539,COMPLETED,2022-11-28 04:42:50.732184+00:00,2022-11-28 04:44:09.241950+00:00,,,,,,
373,94c1a32a-de5c-4911-b7ad-f245a57b6d10,3270,ONGOING,2022-11-28 04:44:26.073984+00:00,,2022-11-30 04:44:26.078664+00:00,,,,,
374,0e205d6d-d50b-4dba-a0cd-0355b4f2cc49,2302,ONGOING,2022-11-28 05:43:45.592319+00:00,,2022-11-30 05:43:45.596867+00:00,,,,,
375,35e00b76-c4d1-436b-b7f1-3c05af5d222a,2795,ONGOING,2022-11-27 19:21:58.261183+00:00,,2022-11-29 19:21:58.265533+00:00,,,,,
376,aff26172-41d6-4e69-9b02-48011fe35804,3451,ONGOING,2022-11-27 19:21:38.114125+00:00,,2022-11-29 19:21:38.118265+00:00,,,,,
377,5baab7e2-f5ad-4f9d-b749-9d8e9bee9d2d,3270,ONGOING,2022-11-28 08:10:51.789109+00:00,,2022-11-30 08:10:51.793598+00:00,,,,,
378,3db62aad-421b-474e-9b1e-8a88ff370d4f,2795,ONGOING,2022-11-28 01:58:59.160529+00:00,,2022-11-30 01:58:59.165092+00:00,,,,,
379,417bcb37-44cf-43c3-ba51-5d39c825caf7,3546,ONGOING,2022-11-28 10:09:41.047448+00:00,,2022-11-30 10:09:41.051692+00:00,,,,,
380,a8d4665e-741b-4532-ac10-3d91614eb15e,2795,ONGOING,2022-11-27 23:09:32.418237+00:00,,2022-11-29 23:09:32.422054+00:00,,,,,
381,2c93173e-b325-47d9-bac5-6e21641f97bc,3340,ONGOING,2022-11-27 23:21:43.583461+00:00,,2022-11-29 23:21:43.589274+00:00,,,,,
382,417bcb37-44cf-43c3-ba51-5d39c825caf7,3411,ONGOING,2022-11-28 06:53:34.370650+00:00,,2022-11-30 06:53:34.376323+00:00,,,,,
383,94c1a32a-de5c-4911-b7ad-f245a57b6d10,3540,COMPLETED,2022-11-28 04:52:29.993693+00:00,2022-11-28 04:54:24.463118+00:00,,,,,,
384,417bcb37-44cf-43c3-ba51-5d39c825caf7,3431,COMPLETED,2022-11-28 06:54:19.390461+00:00,2022-11-28 07:00:23.557159+00:00,,,,,,
385,417bcb37-44cf-43c3-ba51-5d39c825caf7,2415,ONGOING,2022-11-28 02:04:29.442153+00:00,,2022-11-30 02:04:29.446057+00:00,,,,,
386,2c93173e-b325-47d9-bac5-6e21641f97bc,792,ONGOING,2022-11-28 00:00:05.311626+00:00,,2022-11-29 18:29:59+00:00,,,,,
387,0e205d6d-d50b-4dba-a0cd-0355b4f2cc49,3462,ONGOING,2022-11-28 08:14:04.581958+00:00,,2022-11-30 08:14:04.588586+00:00,,,,,
388,2c93173e-b325-47d9-bac5-6e21641f97bc,3015,ONGOING,2022-11-28 00:16:08.410501+00:00,,2022-11-30 00:16:08.414985+00:00,,,,,
389,2c93173e-b325-47d9-bac5-6e21641f97bc,3227,ONGOING,2022-11-28 00:19:34.185116+00:00,,2022-11-30 00:19:34.189504+00:00,,,,,
390,2c93173e-b325-47d9-bac5-6e21641f97bc,3467,ONGOING,2022-11-28 00:21:12.821361+00:00,,2022-11-30 00:21:12.825908+00:00,,,,,
391,5baab7e2-f5ad-4f9d-b749-9d8e9bee9d2d,3541,COMPLETED,2022-11-28 08:15:17.286941+00:00,2022-11-28 08:20:26.302818+00:00,,,,,,
392,417bcb37-44cf-43c3-ba51-5d39c825caf7,3477,ONGOING,2022-11-28 02:08:21.525939+00:00,,2022-11-30 02:08:21.529874+00:00,,,,,
393,417bcb37-44cf-43c3-ba51-5d39c825caf7,3463,ONGOING,2022-11-28 02:09:32.384742+00:00,,2022-11-30 02:09:32.389071+00:00,,,,,
394,417bcb37-44cf-43c3-ba51-5d39c825caf7,3547,ONGOING,2022-11-28 10:12:39.899604+00:00,,2022-11-30 10:12:39.904103+00:00,,,,,
395,44f9c9f1-1ce1-4b04-8042-ddb1c548c589,3015,ONGOING,2022-11-28 06:07:45.554526+00:00,,2022-11-30 06:07:45.560111+00:00,,,,,
396,44f9c9f1-1ce1-4b04-8042-ddb1c548c589,3227,COMPLETED,2022-11-28 07:44:27.344271+00:00,2022-11-28 07:47:01.079157+00:00,,,,,,
397,44f9c9f1-1ce1-4b04-8042-ddb1c548c589,3534,ONGOING,2022-11-28 06:08:33.654146+00:00,,2022-11-30 06:08:33.658878+00:00,,,,,
398,ec82a57d-6d07-421c-a7a9-c3a2c47b9a0d,792,ONGOING,2022-11-28 02:15:58.504554+00:00,,2022-11-30 02:15:58.509264+00:00,,,,,
399,4960fecc-a53a-4d08-99e6-5ef807d9f270,3541,COMPLETED,2022-11-28 11:35:15.675157+00:00,2022-11-28 11:45:11.676273+00:00,,,,,,
400,94c1a32a-de5c-4911-b7ad-f245a57b6d10,2793,ONGOING,2022-11-28 13:51:42.954721+00:00,,2022-11-30 13:51:42.958692+00:00,,,,,
401,44f9c9f1-1ce1-4b04-8042-ddb1c548c589,3503,ONGOING,2022-11-28 06:10:51.265217+00:00,,2022-11-30 06:10:51.271607+00:00,,,,,
402,44f9c9f1-1ce1-4b04-8042-ddb1c548c589,3520,ONGOING,2022-11-28 06:11:13.570163+00:00,,2022-11-30 06:11:13.577249+00:00,,,,,
403,94c1a32a-de5c-4911-b7ad-f245a57b6d10,3477,ONGOING,2022-11-28 01:03:55.303860+00:00,,2022-11-30 01:03:55.308550+00:00,,,,,
404,94c1a32a-de5c-4911-b7ad-f245a57b6d10,3513,ONGOING,2022-11-28 02:21:16.244529+00:00,,2022-11-30 02:21:16.249329+00:00,,,,,
405,44f9c9f1-1ce1-4b04-8042-ddb1c548c589,2793,ONGOING,2022-11-28 08:19:07.013403+00:00,,2022-11-30 08:19:07.019459+00:00,,,,,
406,4960fecc-a53a-4d08-99e6-5ef807d9f270,3482,ONGOING,2022-11-28 11:13:31.602087+00:00,,2022-11-30 11:13:31.606062+00:00,,,,,
407,4cb29e43-9f23-42fe-bab8-2422f42e7a91,3500,ONGOING,2022-11-28 01:10:08.684619+00:00,,2022-11-30 01:10:08.690171+00:00,,,,,
408,94c1a32a-de5c-4911-b7ad-f245a57b6d10,3377,ONGOING,2022-11-28 13:09:29.099787+00:00,,2022-11-30 13:09:29.106456+00:00,,,,,
409,94c1a32a-de5c-4911-b7ad-f245a57b6d10,2866,ONGOING,2022-11-28 09:52:42.198595+00:00,,2022-11-30 09:52:42.204947+00:00,,,,,
410,94c1a32a-de5c-4911-b7ad-f245a57b6d10,3203,ONGOING,2022-11-28 09:53:02.818621+00:00,,2022-11-30 09:53:02.824087+00:00,,,,,
411,94c1a32a-de5c-4911-b7ad-f245a57b6d10,3529,ONGOING,2022-11-28 01:15:15.188042+00:00,,2022-11-29 18:29:59+00:00,,,,,
412,417bcb37-44cf-43c3-ba51-5d39c825caf7,3482,ONGOING,2022-11-28 10:18:56.973838+00:00,,2022-11-30 10:18:56.978162+00:00,,,,,
413,e2dfd115-a8b0-4e3e-96e5-9b11e5f316f1,3462,ONGOING,2022-11-28 09:54:35.217814+00:00,,2022-11-30 09:54:35.223099+00:00,,,,,
414,f5a888fe-f92d-44ed-899f-ef0a8ee7e0f2,3173,ONGOING,2022-11-28 03:58:54.231283+00:00,,2022-11-30 03:58:54.235559+00:00,,,,,
415,417bcb37-44cf-43c3-ba51-5d39c825caf7,3511,COMPLETED,2022-11-28 02:32:27.012054+00:00,2022-11-28 02:34:21.232520+00:00,,,,,,
416,f5a888fe-f92d-44ed-899f-ef0a8ee7e0f2,3015,COMPLETED,2022-11-28 04:00:05.387132+00:00,2022-11-28 04:40:40.834595+00:00,,,,,,
417,44f9c9f1-1ce1-4b04-8042-ddb1c548c589,3270,ONGOING,2022-11-28 07:52:19.019991+00:00,,2022-11-30 07:52:19.026169+00:00,,,,,
418,44f9c9f1-1ce1-4b04-8042-ddb1c548c589,3541,COMPLETED,2022-11-28 07:53:58.569308+00:00,2022-11-28 08:00:34.379933+00:00,,,,,,
419,4cb29e43-9f23-42fe-bab8-2422f42e7a91,2415,COMPLETED,2022-11-28 01:22:43.818904+00:00,2022-11-28 01:26:58.333522+00:00,,,,,,
420,4cb29e43-9f23-42fe-bab8-2422f42e7a91,3463,ONGOING,2022-11-28 01:25:23.515775+00:00,,2022-11-30 01:25:23.519609+00:00,,,,,
421,94c1a32a-de5c-4911-b7ad-f245a57b6d10,3431,ONGOING,2022-11-28 07:55:49.689671+00:00,,2022-11-30 07:55:49.696499+00:00,,,,,
422,4cb29e43-9f23-42fe-bab8-2422f42e7a91,3529,ONGOING,2022-11-28 01:29:04.076514+00:00,,2022-11-30 01:29:04.081195+00:00,,,,,
423,94c1a32a-de5c-4911-b7ad-f245a57b6d10,2302,ONGOING,2022-11-28 10:54:31.075200+00:00,,2022-11-30 10:54:31.079185+00:00,,,,,
424,417bcb37-44cf-43c3-ba51-5d39c825caf7,3270,ONGOING,2022-11-28 05:21:07.244909+00:00,,2022-11-30 05:21:07.249289+00:00,,,,,
425,4cb29e43-9f23-42fe-bab8-2422f42e7a91,3237,ONGOING,2022-11-28 01:32:34.716340+00:00,,2022-11-30 01:32:34.720380+00:00,,,,,
426,94c1a32a-de5c-4911-b7ad-f245a57b6d10,3531,COMPLETED,2022-11-28 01:33:35.340883+00:00,2022-11-28 01:38:14.284539+00:00,,,,,,
427,2c93173e-b325-47d9-bac5-6e21641f97bc,3469,ONGOING,2022-11-28 02:47:52.055804+00:00,,2022-11-30 02:47:52.059558+00:00,,,,,
428,67d4464d-62b8-4d5e-85f2-4144a732b154,3227,ONGOING,2022-11-28 13:19:30.748053+00:00,,2022-11-30 13:19:30.752276+00:00,,,,,
429,4960fecc-a53a-4d08-99e6-5ef807d9f270,3015,ONGOING,2022-11-28 04:15:47.731127+00:00,,2022-11-30 04:15:47.735498+00:00,,,,,
430,0e205d6d-d50b-4dba-a0cd-0355b4f2cc49,3463,ONGOING,2022-11-28 02:52:51.090953+00:00,,2022-11-30 02:52:51.094965+00:00,,,,,
431,0e205d6d-d50b-4dba-a0cd-0355b4f2cc49,3503,COMPLETED,2022-11-28 02:55:38.051223+00:00,2022-11-28 02:58:13.507536+00:00,,,,,,
432,0e205d6d-d50b-4dba-a0cd-0355b4f2cc49,3467,ONGOING,2022-11-28 02:58:45.928544+00:00,,2022-11-30 02:58:45.934608+00:00,,,,,
433,0e205d6d-d50b-4dba-a0cd-0355b4f2cc49,3519,ONGOING,2022-11-28 05:30:19.516897+00:00,,2022-11-30 05:30:19.521686+00:00,,,,,
434,417bcb37-44cf-43c3-ba51-5d39c825caf7,3519,ONGOING,2022-11-28 05:30:25.236013+00:00,,2022-11-30 05:30:25.244185+00:00,,,,,
435,44f9c9f1-1ce1-4b04-8042-ddb1c548c589,3431,ONGOING,2022-11-28 08:01:56.418620+00:00,,2022-11-30 08:01:56.422570+00:00,,,,,
436,44f9c9f1-1ce1-4b04-8042-ddb1c548c589,3443,COMPLETED,2022-11-28 08:02:55.130103+00:00,2022-11-28 08:06:39.074543+00:00,,,,,,
437,0e205d6d-d50b-4dba-a0cd-0355b4f2cc49,2795,ONGOING,2022-11-28 03:03:44.620784+00:00,,2022-11-30 03:03:44.624952+00:00,,,,,
438,417bcb37-44cf-43c3-ba51-5d39c825caf7,3541,ONGOING,2022-11-28 05:32:12.371568+00:00,,2022-11-30 05:32:12.375237+00:00,,,,,
439,94c1a32a-de5c-4911-b7ad-f245a57b6d10,3482,ONGOING,2022-11-28 10:25:55.122224+00:00,,2022-11-30 10:25:55.146248+00:00,,,,,
440,417bcb37-44cf-43c3-ba51-5d39c825caf7,2838,ONGOING,2022-11-29 09:30:42.164276+00:00,,2022-12-01 09:30:42.171105+00:00,,,,,
441,44f9c9f1-1ce1-4b04-8042-ddb1c548c589,3549,ONGOING,2022-11-29 08:01:03.045611+00:00,,2022-12-01 08:01:03.050394+00:00,,,,,
442,0e205d6d-d50b-4dba-a0cd-0355b4f2cc49,3482,ONGOING,2022-11-28 17:52:30.017034+00:00,,2022-11-30 17:52:30.021263+00:00,,,,,
443,417bcb37-44cf-43c3-ba51-5d39c825caf7,3479,ONGOING,2022-11-29 07:35:05.496512+00:00,,2022-12-01 07:35:05.503026+00:00,,,,,
444,4960fecc-a53a-4d08-99e6-5ef807d9f270,2952,ONGOING,2022-11-29 06:32:33.285767+00:00,,2022-12-01 06:32:33.292712+00:00,,,,,
445,44f9c9f1-1ce1-4b04-8042-ddb1c548c589,3479,ONGOING,2022-11-29 07:46:21.644530+00:00,,2022-12-01 07:46:21.677847+00:00,,,,,
446,aff26172-41d6-4e69-9b02-48011fe35804,3503,COMPLETED,2022-11-28 18:09:06.297070+00:00,2022-11-28 18:11:36.605729+00:00,,,,,,
447,44f9c9f1-1ce1-4b04-8042-ddb1c548c589,3529,ONGOING,2022-11-29 01:14:50.965031+00:00,,2022-11-30 18:29:59+00:00,,,,,
448,aff26172-41d6-4e69-9b02-48011fe35804,3513,ONGOING,2022-11-28 18:14:36.639215+00:00,,2022-11-30 18:14:36.642922+00:00,,,,,
449,417bcb37-44cf-43c3-ba51-5d39c825caf7,3551,ONGOING,2022-11-29 08:03:35.042177+00:00,,2022-12-01 08:03:35.048208+00:00,,,,,
450,5baab7e2-f5ad-4f9d-b749-9d8e9bee9d2d,2436,ONGOING,2022-11-29 02:04:36.878557+00:00,,2022-12-01 02:04:36.883409+00:00,,,,,
451,5baab7e2-f5ad-4f9d-b749-9d8e9bee9d2d,3546,ONGOING,2022-11-29 02:05:01.653849+00:00,,2022-12-01 02:05:01.658034+00:00,,,,,
452,c303ce63-ce0c-4ca6-a59f-a834e10ea59a,2436,ONGOING,2022-11-29 09:44:52.160837+00:00,,2022-12-01 09:44:52.166163+00:00,,,,,
453,94c1a32a-de5c-4911-b7ad-f245a57b6d10,2328,ONGOING,2022-11-29 01:24:35.247799+00:00,,2022-12-01 01:24:35.252400+00:00,,,,,
454,417bcb37-44cf-43c3-ba51-5d39c825caf7,3549,ONGOING,2022-11-29 07:11:40.068630+00:00,,2022-12-01 07:11:40.072279+00:00,,,,,
455,aff26172-41d6-4e69-9b02-48011fe35804,3321,ONGOING,2022-11-28 18:35:55.430109+00:00,,2022-11-30 18:35:55.437311+00:00,,,,,
456,738049d5-018a-41e7-b2a1-8604fe07cad2,2436,ONGOING,2022-11-29 02:06:39.288755+00:00,,2022-12-01 02:06:39.294528+00:00,,,,,
457,417bcb37-44cf-43c3-ba51-5d39c825caf7,3379,ONGOING,2022-11-29 07:13:49.719542+00:00,,2022-12-01 07:13:49.723794+00:00,,,,,
458,5baab7e2-f5ad-4f9d-b749-9d8e9bee9d2d,2952,ONGOING,2022-11-29 10:20:30.486481+00:00,,2022-12-01 10:20:30.491052+00:00,,,,,
459,5baab7e2-f5ad-4f9d-b749-9d8e9bee9d2d,3477,ONGOING,2022-11-29 02:09:05.627223+00:00,,2022-12-01 02:09:05.631162+00:00,,,,,
460,5baab7e2-f5ad-4f9d-b749-9d8e9bee9d2d,3183,ONGOING,2022-11-29 02:08:45.638218+00:00,,2022-12-01 02:08:45.642091+00:00,,,,,
461,aff26172-41d6-4e69-9b02-48011fe35804,3520,ONGOING,2022-11-28 19:08:46.921190+00:00,,2022-11-30 19:08:46.926154+00:00,,,,,
462,24d52554-971f-49a6-8d83-4e270eb44818,3552,ONGOING,2022-11-29 09:17:34.305548+00:00,,2022-12-01 09:17:34.310221+00:00,,,,,
463,24d52554-971f-49a6-8d83-4e270eb44818,2436,ONGOING,2022-11-29 09:17:56.088692+00:00,,2022-12-01 09:17:56.092975+00:00,,,,,
464,24d52554-971f-49a6-8d83-4e270eb44818,3227,ONGOING,2022-11-29 09:18:17.895620+00:00,,2022-12-01 09:18:17.901610+00:00,,,,,
465,44f9c9f1-1ce1-4b04-8042-ddb1c548c589,2415,COMPLETED,2022-11-29 01:35:43.063338+00:00,2022-11-29 01:40:14.301869+00:00,,,,,,
466,44f9c9f1-1ce1-4b04-8042-ddb1c548c589,2952,ONGOING,2022-11-29 07:51:29.336504+00:00,,2022-12-01 07:51:29.343263+00:00,,,,,
467,44f9c9f1-1ce1-4b04-8042-ddb1c548c589,2436,ONGOING,2022-11-29 02:18:15.018581+00:00,,2022-12-01 02:18:15.024986+00:00,,,,,
468,2c93173e-b325-47d9-bac5-6e21641f97bc,3546,ONGOING,2022-11-28 22:52:16.878814+00:00,,2022-11-30 22:52:16.884417+00:00,,,,,
469,0e205d6d-d50b-4dba-a0cd-0355b4f2cc49,3379,COMPLETED,2022-11-29 02:19:14.256574+00:00,2022-11-29 02:24:22.550191+00:00,,,,,,
470,2c93173e-b325-47d9-bac5-6e21641f97bc,2590,ONGOING,2022-11-28 23:07:54.665604+00:00,,2022-11-30 23:07:54.670389+00:00,,,,,
471,2c93173e-b325-47d9-bac5-6e21641f97bc,3505,ONGOING,2022-11-28 23:16:34.951685+00:00,,2022-11-30 23:16:34.955724+00:00,,,,,
472,2c93173e-b325-47d9-bac5-6e21641f97bc,3482,ONGOING,2022-11-28 23:17:04.466565+00:00,,2022-11-30 23:17:04.470276+00:00,,,,,
473,44f9c9f1-1ce1-4b04-8042-ddb1c548c589,2328,ONGOING,2022-11-29 01:40:38.272804+00:00,,2022-12-01 01:40:38.280014+00:00,,,,,
474,44f9c9f1-1ce1-4b04-8042-ddb1c548c589,3482,ONGOING,2022-11-28 23:46:20.137996+00:00,,2022-11-30 23:46:20.143035+00:00,,,,,
475,2c93173e-b325-47d9-bac5-6e21641f97bc,2436,ONGOING,2022-11-29 02:21:54.829720+00:00,,2022-12-01 02:21:54.836321+00:00,,,,,
476,417bcb37-44cf-43c3-ba51-5d39c825caf7,3517,COMPLETED,2022-11-29 00:10:45.466125+00:00,2022-11-29 00:18:23.831621+00:00,,,,,,
477,417bcb37-44cf-43c3-ba51-5d39c825caf7,3529,ONGOING,2022-11-29 00:13:31.014876+00:00,,2022-11-30 18:29:59+00:00,,,,,
478,44f9c9f1-1ce1-4b04-8042-ddb1c548c589,3546,ONGOING,2022-11-28 15:47:45.257781+00:00,,2022-11-30 15:47:45.263034+00:00,,,,,
479,94c1a32a-de5c-4911-b7ad-f245a57b6d10,2952,ONGOING,2022-11-29 06:05:57.394213+00:00,,2022-12-01 06:05:57.401424+00:00,,,,,
480,0e205d6d-d50b-4dba-a0cd-0355b4f2cc49,3529,ONGOING,2022-11-29 02:25:15.928189+00:00,,2022-11-30 18:29:59+00:00,,,,,
481,4960fecc-a53a-4d08-99e6-5ef807d9f270,3479,ONGOING,2022-11-29 06:57:25.043052+00:00,,2022-12-01 06:57:25.048253+00:00,,,,,
482,c303ce63-ce0c-4ca6-a59f-a834e10ea59a,792,ONGOING,2022-11-29 10:09:31.617390+00:00,,2022-12-01 10:09:31.621515+00:00,,,,,
483,4960fecc-a53a-4d08-99e6-5ef807d9f270,3549,ONGOING,2022-11-29 06:58:01.831545+00:00,,2022-12-01 06:58:01.835438+00:00,,,,,
484,4cb29e43-9f23-42fe-bab8-2422f42e7a91,3546,ONGOING,2022-11-29 00:26:28.674993+00:00,,2022-12-01 00:26:28.680679+00:00,,,,,
485,417bcb37-44cf-43c3-ba51-5d39c825caf7,3540,COMPLETED,2022-11-29 00:27:27.212204+00:00,2022-11-29 00:32:32.208390+00:00,,,,,,
486,417bcb37-44cf-43c3-ba51-5d39c825caf7,3539,COMPLETED,2022-11-29 00:30:10.166134+00:00,2022-11-29 00:34:39.974291+00:00,,,,,,
487,c303ce63-ce0c-4ca6-a59f-a834e10ea59a,2788,ONGOING,2022-11-29 10:10:55.865157+00:00,,2022-12-01 10:10:55.872244+00:00,,,,,
488,417bcb37-44cf-43c3-ba51-5d39c825caf7,2952,ONGOING,2022-11-29 05:15:43.963860+00:00,,2022-12-01 05:15:43.968427+00:00,,,,,
489,4cb29e43-9f23-42fe-bab8-2422f42e7a91,3513,ONGOING,2022-11-29 00:32:17.910517+00:00,,2022-12-01 00:32:17.913997+00:00,,,,,
490,4cb29e43-9f23-42fe-bab8-2422f42e7a91,3520,COMPLETED,2022-11-29 00:39:29.119030+00:00,2022-11-29 00:42:37.557293+00:00,,,,,,
491,55e70808-0ed9-44fd-9d87-819ba9dc4d3e,3548,ONGOING,2022-11-28 14:50:38.806470+00:00,,2022-11-30 14:50:38.813209+00:00,,,,,
492,4cb29e43-9f23-42fe-bab8-2422f42e7a91,3517,ONGOING,2022-11-29 00:44:58.913037+00:00,,2022-12-01 00:44:58.937279+00:00,,,,,
493,4cb29e43-9f23-42fe-bab8-2422f42e7a91,792,ONGOING,2022-11-29 00:48:07.153899+00:00,,2022-11-30 18:29:59+00:00,,,,,
494,4cb29e43-9f23-42fe-bab8-2422f42e7a91,3541,COMPLETED,2022-11-29 00:52:55.566668+00:00,2022-11-29 01:05:12.126235+00:00,,,,,,
495,55e70808-0ed9-44fd-9d87-819ba9dc4d3e,3541,ONGOING,2022-11-29 00:52:36.649948+00:00,,2022-12-01 00:52:36.657981+00:00,,,,,
496,5baab7e2-f5ad-4f9d-b749-9d8e9bee9d2d,3482,ONGOING,2022-11-29 01:54:59.696877+00:00,,2022-12-01 01:54:59.700648+00:00,,,,,
497,417bcb37-44cf-43c3-ba51-5d39c825caf7,3322,ONGOING,2022-11-29 05:26:42.449325+00:00,,2022-12-01 05:26:42.455358+00:00,,,,,
498,94c1a32a-de5c-4911-b7ad-f245a57b6d10,2436,ONGOING,2022-11-28 15:06:41.826309+00:00,,2022-11-30 15:06:41.831382+00:00,,,,,
